,*,E390,
,.,E37E,
,?,E316,
,Aaron,Eb0d,Acts 7:40
,Abaddon,ecd7,Rev 9:11
,Abarim,e38b,Num 27:12
,Abdon,e51c,
,Abel,EA96,Gen 25:4
,Abel_Mizraim,efa9,Gen 50:11
,Abiasaph,e2dd,Exod 6:24
,Abiathar,E35F,Mark 2:26
,Abida,eef8,Gen 25:4
,Abidah,e2f3,Gen 25:4
,Abidan,e1f7,Num 1:11
,abide,E17B,
,Abiezer,e464,Josh17:2
,Abihail,e1f8,Num 3:35
,Abihu,e2de,Exod 28:1
,Abijah,EA5B,Luke 1:5
,Abilene,Ec4d,Luke 3:1
,ability,E124,
,Abimael,e0fb,Gen 10:28
,Abimelech,e0ab,Gen 26:1
,Abinadab,e4e6,
,Abiram,e480,Num 16:1
ຬ,Abishag,eac,
,Abiud,EA6A,Matt 1:13
,Abner,e484,1 Sam 14:50
,abomination,E0a4,
,about,E11B,
,above,E110,
,Abraham,E373,Matt 1:1
,Abram,e1d1,Gen 12:1
,Abronah,e3d6,Num 33:34
,Absalom,e4ad,
,Abyss,Ec4e,Luke 8:31
,according_to,E24D,
,accuse,E055,
,Achaia,Eb7c,Acts 18:12
,Achaicus,eca5,1 Cor 16:17
,Achan,e4f5,
,Achim,EA6E,Matt 1:14
,Achish,e45e,1 Sam 21:10
,Achor,e4cc,
,Adadah,e4c9,
,Adah,eda7,Gen 4:19
,Adam_man,Ec4f,
,Adam_village,e4f6,
,Adbeel,e0fe,Gen 25:13
,Addar,e4ce,
,Addi,Ec50,Luke 3:28
,Addumim,e4cf,
,Adithaim,e4d0,
,Admah,eda8,Gen 10:19
,Admin,Ec51,Luke 3:33
,Adoni_Zedek,e427,Josh 10:1
,Adonijah,e4ae,
,adopt,E177,
,adoption,E177,
,Adramyttium,Eb93,Acts 27:2
,Adriatic_Sea,Ec17,Acts 27:27
,Adullam,efaa,Gen 38:1
,adultery,E027,
,Aeneas,Ec2a,Acts 9:33
,Aenon,Eba1,John 3:23
,afraid,E056,
,after,E11D,
,Agabus,Eb89,Acts 11:28
,Agag,e3e0,Num 24:27
,against,E330,
,Agrippa,Eb9d,Acts 25:13
,Ahasuerus,e48f,Esth 1:1
,Ahaz,EA61,Matt 1:9
,Ahiezer,e2ab,Num 1:12
,Ahihud,e3e1,Num 34:27
,Ahiman,e2ac,Num 13:22
,Ahimelech,e45f,1 Sam 21:1
,Ahira,e2f4,Num 1:15
,Ahiram,e3a1,Num 26:38
,Ahisamak,e0bb,Exod 31:6
,Ahuzzath,eda9,Gen 26:26
,Ai,edaa,Gen 13:3
,Aiah,e0fd,Gen 36:24
,Aijalon,e428,Josh 10:12
,Ain,e3e6,Num 34:11
,air,E312,
,Akan,efe5,Gen 36:27
,Akbor,e0ed,Gen 36:38
,Akkad,edab,Gen 10:10
,Akrabbim,e3d7,Num 34:4
,Aksah,e4d1,
,Akshaph,E43b,Josh 12:20
,Akzib,e48e,
,alabaster,E0d4,
,Alexander,EA14,Acts 19:33
,Alexandria,Eb5a,Acts 18:24
,alive,E09F,
,all,E251,
,Allon_Bakuth,efab,Gen 35:8
,allow,E04A,
,Almodad,edac,Gen 10:26
,Almon,e4f7,
,Almon_Diblathaim,e3d8,Num 33:46
,alone,E223,
,Alphaeus,ec24,Acts 1:13
,altar,EA3C,Gen 8:20
,Alush,e3d9,Num 33:13
,Alvah,efe6,Gen 36:40
,Alvan,efe8,Gen 36:23
,always,E252,
,Amalek_man,efe9,Gen 36:12
,Amam,e4d2,
,Amariah,e526,
,amazed,E14A,
,Amaziah,e450,2 Kgs 12:21
,amazing,E14A,Esth 1:1
,ambassador,ebfd,
,amen,E100,
,Amittai,e1cf,Jonah 1:1
,Ammiel,e2ad,Num 13:12
,Ammihud,e2ae,Num 1:10
,Amminadab,EA51,Matt 1:4
,Ammishaddai,e2af,Num 1:12
,Ammon,edae,Gen 19:38
,Amon,EA64,Matt 1:10
,Amorites,edaf,Gen 10:16
,Amos,Ec47,Amos
,Amphipolis,EB2E,Acts 17:1
,Ampliatus,Ebb9,Rom 16:8
,Amram,e2df,Exod 6:18
,Amraphel,edb1,Gen  14:1
,Anab,e4d3,
,Anah,e0ba,Gen 36:2
,Anak,e2b0,Num 13:22
,Anam,edb2,Gen 10:13
,Ananias,Eb65,Acts 23:2
,Anathoth,e4f8,
,ancestor,Ec80,
,and,E11C,
,Andrew,E357,Matt 4:18
,Andronicus,Ebba,Rom 16:7
,Aner,edb3,Gen  14:13
,angel,E0a7,
,anger,E204,
,angry,E204,
,Anim,e4d4,
,animal,E102,
,Anna,Eb02,Luke 2:36-38
,Annas,Eb63,Acts 4:6
,anointed,E033,
,another,ebf2,
,Antichrist,ed0e,1 John 4:3
,Antioch,Eb58,Acts 6:5
,Antipas,ec01,Rev 2:13
,Antipatris,Eb9a,Acts 23:31
,Apelles,Ebbb,Rom 16:10
,Aphek,e43c,Josh 12:18
,Aphekah,e4d5,
,Apollonia,EB30,Acts 17:1
,Apollos,EB3E,Acts 18:24
,apostle,Ebef,
,appear,E162,
,Apphia,ecf1,Phil 1:2
,appointed,E041,
,Appolyon,ecd7,
,Aquila,Eb17,Acts 18:2
,Ar,e3a2,Num 21:15
,Arab,e4d6,
,Arabia,Eb77,Gal 1:17
,Arad_man,e3a3,1 Chr 8:15
,Arad_village,e3e7,Num 33:40
,Aram,e342,
,Aram_man,edb4,Gen 10:22
,Aram_Naharaim,eb72,Gen 24:10
,Aran,e0fa,Gen 36:28
,Ararat,edb5,Gen 8:4
,Archippus,ece7,Col 4:17
,Ard,e0ff,Gen 46:21
,Areli,efac,Gen 46:16
,Areopagus,Ec35,Acts 17:19
,Aretas,eca6,2 Cor 11:32
,Argob,e495,Deut 3:4
,argument,E057,
,Arimathea,E34D,Matt 27:57
,Arioch,edb6,Gen  14:1
,arise,E322,
,Aristarchus,Ec10,Acts 20:3
,Aristobulus,Ebbc,Rom 16:10
,Arkites,edb7,Gen 10:17
,arm,E14E,
,armor,Ebbd,
,army,E148,
,Arni,Ec52,Luke 3:33
,Arnon,e2f5,Num 21:13
,Arodi,e168,Gen 46:16
,Aroer,e3c5,Num 32:34
,around,E31B,
,Arphaxad,Ec53,Luke 3:36
,arrest,E25F,
,arrow,ecbf,
,Artemas,Ec34,Acts 19:24
,Arvad,edb8,Gen 10:18
,Asa,EA5C,Matt 1:7
,ascend,E322,
,Asenath,efad,Gen 41:45
,ash,EA90,
,ashamed,E05F,
,Ashan,e4d7,
,Ashbel,efae,Gen 46:21
,Ashdod,e451,Josh 11:22
,Asher_man,Ebde,
,Asherah,e0bc,Exod 34:13
,Ashhur,Ebdd,1 Chr 2:24
,Ashhur,ebdd,1 Chr 2:24
,Ashkelon,e452,Judg 1:18
,Ashkenaz,edb9,Gen 10:3
,Ashnah,e4d8,
,Ashtaroth,e429,Josh 9:10
,Ashteroth_Karnaim,edba,Gen 14:5
,Ashur_land,e0ef,Josh 17:7
,Ashur_man,edbb,Gen 10:22
,Asia,Eb6f,Acts 6:9
,ask,E061,
,Asriel,e3a4,Num 26:31
,Asshurites,e1ef,Gen 25:3
,Assir,e2bf,Exod 6:24
,Assos,Eb20,Acts 20:13
,assurance,E070,
,Assyria,edbc,Gen 10:11
,Asyncritius,Ebbe,Rom 16:14
,Atad,efaf,Gen 50:10
,Ataroth,e3c6,Num 32:3
,Ataroth_Addar,e465,Josh 16:5
,Ataroth_Shophan,e3c7,Num 32:35
,Atharim,e3a5,Num 21:1
,Athens,Eb07,Acts 17:15
,Attalia,EB31,Acts 14:25
,attendant,E150,
,author,E12C,
,authority,E034,
,avenge,ed0c,
,Avith,efea,Gen 36:35
,Avvites,e496,2 Kgs 17:31
,awake,Ec54,
,away,E11E,
,Azekah,e42a,Josh 10:10
,Azmon,e3da,Num 34:5
,Azor,EA6C,Matt 1:14
,Azotus,Eb7e,Acts 8:40
,Azzan,e3e2,Num 34:26
,Baal,Ebbf,Rom 11:4
,Baal_Gad,e44b,Josh 11:17
,Baal_Hanan,e169,Gen 36:38
,Baal_Meon,e3c8,Num 32:38
,Baal_Zephon,e0bd,Exod 14:2
,Baalah,e4d9,
,Baanah,e488,2 Sam 4:2
,Babel,ea67,Gen 11:9
,baby,E0a6,
,Babylon,EA67,Acts 7:43
,backward,E325,
,bad,E17D,
,bag,E26F,
,Balaam,eca1,2 Pet 2:15
,Balak,ebff,Rev 2:14
,Bamoth_land,e3c0,Num 21:19
,Bamoth_man,e2f6,
,bank,Ec55,
,banner,e2b1,
,baptism,E24A,
,baptize,E24A,
,Barabbas,E36D,Matt 27:16
,Barachiah,EA97,Matt 23:35
,Barak,ed02,Heb 11:32
,Barnabas,Ec2f,Acts 9:27
,Barsabbas,Eb69,"Acts 15:22,27"
,Bartholomew,E362,Matt 10:3
,Bartimaeus,E36B,Mark 10:46
,Basemath,edbd,Gen 26:34
,Bashan,e3a6,Num 21:33
,basket,E19F,
,Bathsheba,e4af,
,battle,E283,
,Bealoth,e4da,
,bear,ecef,
,bear_with,E227,
,beast,E103,
,beat,E0e4,
,beautiful,EA4A,
,beauty,EA4A,
,because,E066,
,beckon,E040,Luke 5:7
,become_person,E83A,
,become_thing,E839,
,bed,E122,
,Bedad,e1ee,Gen 36:35
,Beelzebul,E335,Matt 10:25
,Beer,e3a7,Num 21:16
,Beer_Lahai_Roi,eef9,Gen 16:14
,Beeri,edbe,Gen 26:34
,Beeroth,e42b,Deut 10:6
,Beersheba,edbf,Gen 26:33
,before,E107,
,beg,E21e,
,beginning,E231,
,behind,E116,
,Beker,efb1,Gen 46:21
,Bela_man,e1ed,Gen 14:2
,Bela_village,edc1,Gen 14:8
,believe,E06F,
,Believer,Eb90,Acts 5:14
,bell,e0be,
,belt,E29D,
,Ben_Ammi,edc2,Gen 19:38
,Ben_Hadad,e453,1 Kgs 15:18
,Ben_Hinnom,e4db,
,Ben_oni,e1a4,Gen 35:18
,Benaiah,e4b0,
,Bene_Jaakan,e3db,Num 33:31
,Benjamin,EB4B,Gen 35:18
,Beon,e3c9,Num 32:3
,Beor,eda3,Gen 36:32
,Bera,edc3,Gen 14:2
,Berea,Eb13,Acts 17:10
,Bered_city,e2d0,Gen 16:14
,Bered_man,efb2,I Chr 7:20
,Beriah,efb3,Gen 46:17
,Bernice,Eb9e,Acts 25:13
,beside,E117,
,best,E21F,
,Beth_Anath,e4dc,
쒸,Beth_Arabah,c4b8,
,Beth_Dagon,e4b9,
,Beth_Eden,e454,Amos 1:5
,Beth_Ezel,e43a,
,Beth_Haran,e479,Num 32:36
,Beth_Hoglah,e4ba,
,Beth_Horon,e42c,Josh 10:10
,Beth_Jeshimoth,e3dc,Num 33:49
,Beth_Leaphrah,e491,
,Beth_Pelet,e4bb,
,Beth_Peor,e423,Deut 3:29
,Beth_Shan,e4e7,
,Beth_Shemesh,e4f9,
,Bethany,E349,Matt  21:17
,Bethel,edc4,Gen 12:8
,Bethesda,Eba0,John 5:2
,Bethlehem,EA45,Matt 2:1
,Bethphage,E348,Matt 21:1
,Bethsaida,E340,Matt 11:21
,Bethuel_city,e1e0,I Chr 4:30
,Bethuel_man,e1a0,Gen 22:22
,betray,E195,
,betrayal,E195,
,better,E09E,
,between,E118,
,Bezalel,e0bf,Exod 31:2
,Bezer,e466,Deut 4:43
,Bible,E22c,
,big,E120,
,Bigthana,e492,Esth 6:2
,Bilhah,eefa,Gen 29:29
,Bilhan,efeb,Gen 36:27
,bird,E25C,
,Birsha,edc5,Gen 14:2
,birth,E235,
,Bithynia,EB48,Acts 16:7
,bitter,ecd2,
,Biziothiah,e4bc,
,black,Eb86,
,blaspheme,e05b,
,blasphemy,E05B,
,Blastus,Eb8d,Acts 12:20
,blemish,ed01,
,bless,E05C,
,blessed,Ea21,
,blessing,E05C,
,blind,E192,
,blood,E087,
,blue,ecda,
,boast,E14B,
,boat,E265,
,Boaz,EA54,Matt 1:5
,body,E143,
,Bohan,e4bd,
,bone,E0B2,
,book,E22A,
,born,E235,
,bottom,E119,
,bound,E25F,
,bow,E210,
,bow_arrow,ecc8,
,bowl,E384,
,box,E29E,
,boy,E001,
,boys,E002,
,Bozkath,e4be,
,Bozrah,efec,Gen 36:33
,branch,E246,
,brave,E196,
,bread,E05D,
,break,E0e1,
,breast,e2db,
,breastplate,Ecd5,
,breath,ecee,
,breathe,ecee,
,bribe,ebdb,
,brick,eefb,
,bride,E015,
,bright,E21B,
,bring,E088,
,bronze,Eb2c,
,brother,E006,
,brothers,E007,
,build,E17a,
,building,E0a1,
,Bukki,e3e3,Num 34:22
,burden,ec86,
,burn,ecd0,
,burnt,ecd0,
,bury,E0d7,
,but,E11A,
,buy,E32a,
,Buz,E1a5,Gen 22:21
,Caesar,E370,Acts 26:32
,Caesarea,E346,Matt 16:13
,Caiaphas,EA77,Matt 26:3
,Cain,Ec56,Gen 4:1
,Cainan,Ec56,Luke 3:36
,Calah,edc6,Gen 10:12
,Caleb,e2b2,Num 13:6
,call,E040,
,camel,E29F,
,can,E124,Gen 4:13
,Cana,Eba2,John 2:11
,Canaan_land,E33D,Acts 7:11
,Canaan_man,edc7,Gen 9:18
,Candace,Eb85,Acts 8:27
,Capernaum,E33A,Matt 4:13
,Caphtorites,edc8,Gen  10:14
,Cappadocia,Eb74,Acts 2:9
,careful,E19E,
,Carmel,e43d,Josh 12:22
,carpenter,E14F,
,Carpus,ecad,2 Tim 4:13
,carry,E088,
,case,Ec87,Exod 18:22
,catch,E115,
,Cauda,Ec36,Acts 27:16
,cave,eda6,
,Cenchrea,EB3d,Acts 18:18
,census,E0B8,
,centurion,Eb7a,
,Cephas,E356,John1:42
,ceremony,Ec88,
,chain,E25F,
,chair,E298,
,Chaldea,Eb0e,Jer 50:10
,change,E31E,
,chapter,E230,
,chariot,Ec82,
,Chemosh,e3a8,Num 21:29
,chew_cud,e2da,Lev 11:3
,child,E200,
,children,E201,
,Chios,eb22,Acts 20:15
,Chloe,Ebe2,1 Cor 1:11
,choose,E021,
,Chorazin,EA8F,Matt 11:21
,Christ,E334,Matt 1:1
,Christian,Eb90,Acts 26:28
,Chronicles,e419,
,church,ebfc,
,Chuza,Ec57,Luke 8:3
,Cilicia,Eb5b,Acts 6:9
,circumcise,E250,
,circumcision,E250,
,citizen,Eb98,
,Clauda,Ec36,Acts 27:16
,Claudia,ecae,2 Tim 4:21
,Claudius,Eb8a,Acts 11:28
,clay,ebec,
,clean,E248,
,Clement,ece3,Phil 4:3
,Cleopas,Ec58,Luke 24:18
,cloak,EA76,
,Clopas,Ebb5,John 19:25
,close,e300,
,closed,E23F,
,clothe,E147,
,clothing,E253,
,cloud,E26E,
,Cnidus,Ec14,Acts 27:7
,cohort,E148,
,cold,E0f2,
,color,E284,
,Colossae,ece8,Col 1:2
,come,E25A,
,come_out,E243,
,comfort,EA3B,
,command,E058,
,commandment,e22f,
,compassion,E01A,
,complete,ecec,
,concubine,eefc,
,condemn,Ea7f,
,condemnation,Ea7f,
,confession,e03f,
,confidence,E070,
,confuse,Eb08,
,continue,e049,
,control,E332,
,convert,E83A,
,Corinth,Ea59,Acts 18:1
,Cornelius,Eb81,Acts 10:1
,corner,Eb83,
,cornerstone,E21C,
,correct,E09a,
,Cosam,ec59,Luke 3:28
,couch,Eb5f,
,council,E0f7,
,counted,Ebc0,
,country,E0a2,
,countrymen,E157,
,countryside,Eb96,
,courage,E196,
,courtyard,E0f6,
,covenant,E21D,
,cover,E39A,
,covet,E022,
,cow,EB36,
,create,E076,
,creation,Ebc3,
,Creator,Ec22,Rom 1:25
,credit,Ebc0,
,Crescan,ecaf,2 Tim 4:10
,Crete,Ec8d,Acts 27:7
,Crispus,EB3A,Acts 18:8
,criticize,e055,
,crooked,EB39,
,cross,E038,
,crowd,E128,
,crown,Eda4,
,crucify,E03C,
,crush,E146,
,cry,E20C,
,cup,E274,
,curse,E05A,
,curtain,E254,
,Cush,edca,Gen 2:13
,Cush_land,e1e2,Isa 11:11
,Cush_man,Edca,Gen 10:6
,cushion,E26c,
,custom,Eb10,
,cut,E24E,
,cymbal,ebe3,
,Cypress,edcb,Gen 6:14
,Cyprus,Eb88,Acts 4:36
,Cyrene,Eb59,Matt 27:32
,Daberath,e507,
,Dagon,e4e8,
,Dalmanutha,E344,Mark 8:10
,Dalmatia,ecb1,2 Tim 4:10
,Damaris,EB37,Acts 17:34
,Damascus,Ec31,Gen  14:15
,Dan_land,edcc,Gen 14:14
,Dan_man,edcd,Gen 30:6
,dance,E259,
,Daniel,EA78,Matt 24:15
,Dannah,e4bf,
,Darius,e490,Hag 1:1
,dark,EA17,
,Dathan,e2f7,Num 16:1
,daughter,E00C,
,daughters,E00D,
,David,E35E,Matt 1:1
,day,E15F,
,deacon,e12d,
,dead,E181,
,deaf,E191,
,death,E181,
,Debir_city,e43e,Josh 10:38
,Debir_man,e42d,Josh 10:3
,Deborah,efb5,Gen 35:8
,Decapolis,E33e,Matt 4:25
,deceive,E17F,
,deceiver,E152,
,deception,E17F,
,Dedan,edce,Gen 10:7
,deep,E321,
,deer,efb6,
,Demes,ecb2,2 Tim 4:10
,Demetrius,Eb1a,Acts 19:24
,demon,eb87,
,denarius,E165,Matt 22:19
,deny,E0e5,
,depart,E243,
,depth,E321,
,Derbe,EB43,Acts 14:6
,descend,E317,
,descendant,Eb60,
,desert,E156,
,deserve,E0f5,
,desire,E020,
,destroy,E141,
,destruction,e141,
,Deuel,e2b3,Num 1:14
,Dibon,e3a9,Num 21:30
,Dibon_Gad,e3e8,Num 33:45
,Dibri,e2ef,Lev 24:11
,Didymus,Ebb6,John 11:16
,die,E181,
,different,ecff,
,difficult,E093,
,dignify,e04b,
,Diklah,e1ac,Gen  10:27
,Dilean,e4c0,
,Dimonah,e4c1,
,Dinah,efb7,Gen 30:21
,Dinhabah_city,efed,Gen 36:32
,Dionysius,Eb78,Acts 17:34
,Diotrephes,ece2,3 John 1:9
,direction,E323,
,dirt,E15b,
,dirty,E249,
,disciple,E142,
,discipline,eda5,
,discourage,E261,
,disease,E20A,
,dish,E384,
,Dishan,e1ec,Gen 36:21
,Dishon,efee,Gen 36:21
,disobedience,E193,
,disobey,E193,
,divide,E326,
,division,E326,
,divorce,EA3D,
,Dizahab,e481,Deut 1:1
,do,E08C,
,doctor,E144,
,Dodanim,edcf,Gen  10:4
,Dodo,e51d,
,Doeg,e460,1 Sam 21:7
,dog,E104,
,dominion,E032,
,donkey,Ea09,
,door,E23E,
,Dophkah,e3dd,Num 33:12
,Dor,e43f,Josh11:2
,Dorcas,Ec2c,Acts 9:36
,Dothan,efa3,Gen 37:17
,doubt,E194,
,dough,EA36,
,dove,E25E,
,down,E319,
,dragon,ecdf,
,dream,EA80,
,drink,E274,
,drum,Ebe3,
,drunk,EA8D,
,Drusilla,Eb9c,Acts 24:24
,dry,E188,
,Dumah,eefd,Gen 25:14
,dust,E15D,
,dwell,E17B,
,eagle,ecc9,
,ear,E299,
,earn,E0f5,
,earth,E153,
,earthquake,E159,
,east,EA38,
,easy,E092,
,eat,E053,
,Ebal,efef,Gen 36:23
,Eber_land,e497,Num 24:24
,Eber_man,Ec5a,Gen 10:21
,Eden_garden,edd2,Gen  2:8
,Eden_man,e1e9,2 Chr 29:12
,Eder,e4c2,
,Edom_land,e1a7,Gen 32:3
,Edom_man,e1a6,Gen 25:30
,Edrei,e474,Josh 19:37
,egg,e482,
,Eglon,e42e,Josh 10:3
,Egypt,EA44,Matt 2:13
,Ehi,efb8,Gen 46:21
,eight,E293,
,Ekron,e455,Jos 13:3
,El,edd3,Gen 35:17
,El_Elohe,e1e4,Gen 33:20
,Elah,e1a9,Gen  36:41
,Elam_land,Eb6d,Gen 14:1
,Elam_man,edd4,Gen 10:22
,Elath,e498,Deut 2:8
,Eldaah,e1e3,Gen 25:4
,Eldad,e2b4,Num 11:26
,elder,Eb62,
,Elealeh,e3ca,Num 32:3
,Eleazar,EA70,Exod 6:23
,elect,Ec9f,
,Eli,Ec44,1 Sam 1:3
,Eliab,e2b5,Num 1:9
,Eliakim,EA6B,Matt 1:13
,Eliasaph,e2b6,Num 1:14
,Elidad,e3e4,Num 34:21
,Eliezer,Ec5b,Gen 15:2
,Elihu,e4e9,
,Elijah,E36A,1 Kgs 17:1
,Elim,e0ca,Exod 15:27
,Elimelek,e41e,Ruth 1:2
,Eliphaz,eff1,Gen 36:4
,Elisha,Ec5c,1 Kgs 19:16
,Elishah,ec5c,Gen 10:4
,Elishama,e2b7,Num 1:10
,Elisheba,e3b5,Exod 6:23
,Eliud,EA6F,Matt 1:14
,Elizabeth,Ec3a,Luke 1:5
,Elizaphan,e2b8,Num 3:30
,Elizur,e1fa,Num 1:5
,Elkanah,e2c0,Exod 6:24
,Elkosh,e378,
,Ellasar,edd6,Gen 14:1
,Elmadam,Ec5d,Luke 3:28
,Elon,edd7,Gen 26:34
,Eltekeh,e4fa,
,Eltekon,e4c3,
,Eltolad,e4c4,
,Elzaphan,e2f0,Exod 6:22
,Emites,efa8,Gen 14:5
,Emmaus,Ec5e,Luke 24:13
,Emmor,eb5d,Acts 7:16
,empty,E277,
,En_Gannim,e4fb,
,En_Gedi,e4c5,
,En_Rogel,e4b1,
,En_Shemesh,e4c6,
,Enaim,efb9,Gen 38:14
,Enam,e4c7,
,Enan,e2b9,Num 1:15
,encourage,E262,
,end,E232,
,Endor,e467,Josh 17:11
,endure,E170,
,enemy,E025,
,enmity,E01B,
,Enoch,Ec5f,Gen 4:17
,Enos,Ec60,Luke 3:38
,Enosh,Ec60,Gen 4:26
,enter,E242,
,envy,E022,
,Epaenetus,ebc1,Rom 16:5
,Epaphras,ece4,Col 1:7
,Epaphroditus,ece4,Phil 2:25
,Ephah,e1ad,Gen 25:4
,Epher,eefe,Gen 25:4
,Ephesus,Ec0c,Acts 18:19
,Ephod,e475,Num 34:23
,Ephraim_land,Eba4,2 Chr 30:10
,Ephraim_man,Eba3,Gen 41:52
,Ephrath,efba,Gen 35:16
,Ephron,eeff,Gen 23:8
,Epicurean,Ec05,Acts 17:18
,equal,E24B,
,Er,Ec61,Gen 38:3
,Eran,e3aa,Num 26:36
,Erastus,Ec0e,Acts 19:22
,Erech,edd9,Gen 10:10
,Eri,e1ae,Gen 46:16
,Esau,Ebc2,Gen 25:25
,Esek,edda,Gen 26:20
,Eshan,e4c8,
,Eshban,eff2,Gen 36:26
,Eshkol_land,e3cb,Num 13:23
,Eshkol_man,eddb,Gen 14:13
,Eshtaol,e4c9,
,Eshtemoa,e4fc,
,Eshtemoh,e4ca,
,Esli,Ec49,Luke 3:25
,Esther,e49f,Esth 2:7
,eternal,E252,
,eternity,E252,
,Etham,e2c2,Exod 13:20
,Ether,e4cb,
,Ethiopia,Ec32,Acts 8:27
,Eubulus,ecb3,2 Tim 4:21
,Eunice,ecb4,2 Tim 1:5
,eunuch,Eb8f,
,Euodia,ece5,Phil 4:2
,Euphrates_River,Ecd8,Rev. 9:14
,Eutychus,Eb1f,Acts  20:9
,evangelist,E13F,
,Eve,Ebeb,Gen 3:20
,evening,E273,
,everyone,E140,
,everything,E114,
,everywhere,E155,
,Evi,e3c2,Num 31:8
,exalt,E04b,
,example,Ecf0,
,explain,E059,
,explanation,E059,
,eye,E238,
,Ezbon,e1aa,Gen 46:16
,Ezem,e508,
,Ezer,e1ab,Gen 36:21
,Ezion_Geber,e3e9,Num 33:35
,fabric,E253,
,face,E203,
,Fair_Haven,Ec18,Acts 27:8
,faith,E06F,
,faithful,E219,
,faithfulness,E219,
,fall,E218,
,false,E17F,
,family,E176,
,famine,E18D,
,far,E197,
,farewell,Ec83,
,farm,Eb91,
,farmer,E133,
,fast_no_eat,E18E,
,fast_speed,E21A,
,fat,EA86,
,fat_animal,Eb11,
,father,E003,
,fear,E056,
,feast,E054,
,Felix,Eb99,Acts 23:24
,festival,E20B,
,few,E19B,
,field,Eb91,
,fig,eda2,
,fight,E283,
,fill,E278,
,find,E101,
,finger,Eba5,
,finish,E232,
,fire,E301,
,first,E233,
,fish,E263,
,fisherman,E264,
,five,E290,
,fix,E09D,
,flesh,E26B,
,flip,E31D,
,flood,ece0,
,flour,EA35,
,flower,Eb24,
,flute,EA8B,
,fly,E25B,
,follow,E13E,
,food,E053,
,fool,EA7C,
,foot,E13D,
,for,E086,
,foreigner,E158,
,foreknowledge,Eb79,
,forest,Ec27,
,forgive,E18F,
,forgiveness,E18F,
,Fortunatus,eca4,1 Cor 16:17
,forward,E318,
,foundation,E179,
,four,E28F,
,fox,EA8A,
,fragrant,E097,
,free,E260,
,free_no_cost,Ebe4,
,Freedmen,Ec8e,Acts 6:9
,freedom,E260,
,friend,E024,
,frog,ecf6,
,from,E31A,
,fruit,E27E,
,fulfill,E0d2,
,full,E276,
,futile,E190,
,future,E16E,
,Gaash,e4fd,
,Gabriel,Ec39,Luke 1:19
,Gad,Ecbd,Gen 46:16
,Gadara,E33f,Matt 8:28
,Gaddi,e2ba,Num 13:11
,Gaddiel,e2bb,Num 13:10
,Gaham,efbb,Gen 22:24
,gain,E1a3,
,Gaius,Ec0f,Acts 19:29
,Galatia,EB46,Acts 16:6
,Galeed,efbc,Gen 31:47
,Galilee,E337,Josh 20:7
,Gallio,Eb3b,Acts 18:12
,Gamaliel,Eb4d,Acts 5:34
,garden,eddc,
,Gatam,eff3,Gen 36:11
,gate,E289,
,Gath,e461,1 Sam 21:10
,Gath_Rimmon,e4fe,
,gathered,e108,
,gathered_people,E126,
,gathered_things,E108,
,Gaza,Eb7f,Gen 10:19
,Geba,e4ff,
Ԫ,Gedaliah,52a,
,Geder,e440,Josh 12:13
,Gemalli,e2bc,Num 13:12
,generation,E019,
,Gennesaret,E341,Matt 14:34
,gentile,E158,Matt 4:15
,gentle,E26D,
,gentleness,E26D,
,Gera,efbd,Gen 46:21
,Gerar,eddd,Gen 10:19
,Gerasenes,E33F,Mark 5:1
,Gershom,e0cb,Exod 2:22
,Gershon,efbe,Gen 46:11
,Geshur,e499,Duet 3:14
,Gether,edde,Gen 10:23
,Gethsemane,E34A,Matt 26:36
,Geuel,e1fb,Num 13:15
,Gezer,e42f,Josh 10:33
,Gibbethon,e500,
,Gibeah,e501,
,Gibeath_Haaraloth,e430,Josh 5:3
,Gibeon,e431,Josh 9:3
,Gideon,ed03,Judg 6:11
,Gideoni,e2bd,Num 1:11
,gift,E072,
,Gihon,eddf,Gen 2:13
,Gilead_land,efa1,Gen 31:21
,Gilead_man,e3ab,Num 26:29
,Gilgal,e432,Josh 5:9
ԉ,Giloh,509,
,Girgashites,ede1,Gen 10:16
,girl,E009,
,girls,E00A,
,Gittaim,e489,2 Sam 4:3
,give,E086,
,glass,ecde,
,glorify,e217,
,glory,E217,
,gluttony,EA8C,
,go,E381,
,go_down,E080,
,goat,EA7D,
,God,E036,Gen 1:1
,godly,E130,
,Gog,ecf7,Ezek 38:2
,Goiim,ede2,Gen 14:1
,Golan,e468,Duet 4:43
,gold,Eb2a,
,Golgotha,E34B,Matt 27:33
,Goliath,e462,1 Sam 21:9
,Gomer,ede3,Gen 10:2
,Gomorrah,EA7A,Gen 10:19
,gong,ebe5,
,good,E096,
,good_news,E22b,
,Goshen,efbf,Gen 47:1
,gospel,E22B,
,governor,E0a3,
,Goyim,e44c,Josh 12:23
,grace,E01F,
,grain,E279,
,grape,ecf4,
,grass,ea33,
,grateful,E20E,
,gratitude,E20e,
,grave,E178,
,great,e14a,
,Greece,E345,Acts 20:3
,greed,EA94,
,green,Ecd1,
,greeting,E051,
,grieve,E207,
,grind,E83D,
,groom,E013,
,ground,E153,
,ground_soil,E15b,
,grow,E154,
,growth,E154,
,guard,E0c1,
,guilt,EA84,
,guilty,EA84,
,Guni,efc1,Num 26:48
,Hadad,efa2,Gen 25:15
,Hadar,e1af,Gen 36:39
,Hadashah,e50a,
,Hadoram,ede4,Gen 10:27
,Hagar,ecab,Gen 16:1
,Haggai,e48c,Ezra 5:1
,Haggi,efc2,Gen 46:16
,Haggith,e4b2,
,hail,EA13,
,hail_storm,ecdd,
,hair,E208,
,half,Ea22,
,Halhul,e50b,
,Ham_man,ede5,Gen 6:10
,Ham_village,ede6,Gen 14:5
,Haman,e4a0,Esth 3:1
,Hamathites,ede7,Gen 10:18
,Hammedatha,e47f,Esth 3:1
Ԃ,Hammoth_Dor,502,
,Hamor,Eb5d,Gen 33:19
,Hamul,efc3,Gen 46:12
,hand,E071,
,Hannah,Eb02,1 Sam 1:2
,Hanniel,e3e5,Num 34:23
,Hanok,ec5f,Gen 25:4
,happy,E205,
,Haradah,e3de,Num 33:24
,Haran_land,Eb0b,Gen 11:31
,Haran_man,efa4,Gen 11:27
,Harbona,e38f,
,hard,E269,
,harlot,ecfc,
,harp,ecc6,
,harsh,eca7,
,harvest,E082,
,harvester,E139,
,Hashmonah,e3df,Num 33:29
,hate,E01B,
,Hathak,e4a1,Esth 4:5
,have,E083,
,have_to,E07f,
,Havilah_land,ede8,Gen 2:11
,Havilah_man,effa,Gen 10:7
,Hazael,e456,Amos 1:4
,Hazar_Addar,e3ea,Num 34:4
,Hazar_Enan,e3eb,Num 34:9
,Hazar_Gaddah,e50c,
,Hazar_Shual,e50d,
,Hazarmaveth,ede9,Gen 10:26
,Hazeroth,e2be,Num 11:35
,Hazezon_Tamar,edea,Gen 14:7
,Hazo,e1b0,Gen 22:22
,Hazor,e441,Josh 12:19
,head,E206,
,heal,E084,
,healer,E144,
,health,E209,
,healthy,E209,
,hear,E299,
,heart,E29A,
,heat,E301,
,heaven,E380,Gen 1:8
,heavy,E0e7,
,Heber,e1b1,Gen 46:17
,Hebrew,Ec8f,Gen 14:13
,Hebron,edeb,Gen 13:18
,Hebron_man,e478,
,hedge,E28A,
,Hegai_man,e41a,Esth 2:8
,height,ecc1,
,heir,E018,
,Helek,e3ac,Num 26:30
,Heli,Ec44,Luke 3:23
ԃ,Helkath,503,
,hell,E0d1,Deut 32:22
,Helon,e1fc,Num 1:9
,help,E13A,
,helper,E150,
,Heman,e1b2,1 Kgs 4:31
,Hemdan,eff4,Gen 36:26
,Hepher,e3ad,Num 26:32
,here,E212,
,Hermas,Ebc4,Rom 16:14
,Hermes_idol,EB2F,Acts 14:12
,Hermes_man,ebed,Rom 16:14
,Hermogenes,ecb5,2 Tim 1:15
,Herod,E360,Matt 2:1
,Herodians,Ea05,Mark 3:6
,Herodias,E355,Matt 14:3
,Herodion,EbF1,Rom 16:11
,Heshbon,e3ae,Josh 13:26
,Heshmon,e50e,
,Heth,edec,Gen 10:15
,Hezekiah,EA62,2 Kgs 16:20
,Hezron,EA4F,Gen 46:9
,hide,E085,
,Hierapolis,ece9,Col 4:13
,hill,E202,
,Hillel,e51e,
,Hirah,e1b3,Gen 38:1
,hire,E13B,
,hit,E0e4,
,Hittites,eded,Gen 15:20
,Hivites,edee,Exod 3:8
,Hobab,e1fd,Num 10:29
,Hobah,edef,Gen 14:15
,Hoglah,e3af,Num 26:33
,Hoham,e433,Josh 10:3
,hole,E302,
,Holon,e504,
,holy,E13C,
,honey,E052,
,honor,E031,
,hope,E213,
,Hophni,e4ea,
,Hor_Haggidgad,e3ec,Num 33:32
,Horam,e434,Josh 10:33
,Hori,eff5,Gen 36:22
,Horites,edf1,Gen 14:6
,Hormah,e2f8,Num 14:45
,horn,ecc5,
,horse,E303,
,hosanna,E216,
,Hosea,Ebc5,Hos 1:1
,hot,E301,
,hour,E331,
,house,E171,
,how,E068,
,how_long,E83c,Exod 10:3
,Hul,edf2,Gen 10:23
,human_nature,E23D,Rom 6:19
,humble,E19D,
,humiliate,E065,
,humility,E19D,
,Humtah,e50f,
,hungry,E01E,
,Hupham,e3b0,Num 26:39
,Huppim,efc5,Gen 46:21
,Hur,e2e0,Exod 31:2
,hurt,E24F,
,husband,E012,
,Husham,e1b4,Gen 36:34
,Hushim,efc6,Gen 46:23
,Hymenaeus,ecaa,1Tim 1:20
,hymn,E0e3,Matt 26:30
,hypocrite,E152,
,I,E166,
,Ibleam,e469,Josh 17:11
ԟ,Ibzan,51f,
,Iconium,ec1f,Acts 13:51
,idol,E35d,
,Iezer,e3b1,Num 26:30
,if,E111,
,Igal,e1fe,Num 13:7
,ignorance,E06E,
,ignorant,E06E,
,Illyricum,Ebc6,Rom 15:19
,immeasurable,E18C,
,immediately,E215,
,Imnah,efc7,1 Chr 7:30
,important,Ebe7,
,impossible,E180,
,imprisoned,E25F,
,impure,E249,
,in,E240,
,in_front,E112,
,incense,Ec98,
,India,e4a2,Esth 8:9
,inheritance,E017,
,insect,E304,
,inside,E240,
,insist,e058,
,insult,e05b,
,Iob,e0ee,Gen 46:13
,Iphtah,e510,
,Irad,edf3,Gen 4:18
,Iram,eff6,Gen 36:43
,iron,Eb29,
,Isaac,E374,Gen 17:19
,Isaiah,E372,2 Kgs 19:2
,Ishbak,eeda,Gen 25:2
,Ishbosheth,e48a,2 Sam 2:8
,Ishmael,e1b5,Gen 17:18
,Ishvah,efc8,Gen 46:17
,Ishvi,efc9,Gen 46:17
,Iskah,eedb,Gen 11:29
,island,Eb05,
,Israel,Ea04,Gen 32:28
,Issachar,ecce,Gen 30:18
,Italy,Ec90,Acts 18:2
,Ithamar,e2e1,Exod 28:1
,Ithnan,e511,
,Ithran,e1b6,Gen 36:26
,Ituraea,Ec3e,Luke 3:1
,Iye_Abarim,e3b2,Num 21:11
,Izhar,e2c1,Exod 6:18
,Jabal,e1b7,Gen 4:20
,Jabbok,efca,Gen 32:22
,Jabesh,e4eb,
,Jabneel,e512,
,Jacob,E375,Gen 25:26
,Jagur,e513,
,Jahaz,e3b3,Num 21:23
,Jahleel,efcb,Gen 46:14
,Jahziel,e1b8,Gen 46:24
,Jair,e3cc,Num 32:41
,Jairus,E367,Mark 5:22
,Jakin,e1b9,Gen 46:10
,Jalam,eff7,Gen 36:5
,Jambres,ecbc,2 Tim 3:8
,James,E358,Matt 4:21
,James_the_Disciple,E376,Mark 1:19
,Jamin,efcc,Gen 46:10
,Janim,e514,
,Jannai,Ec46,Luke 3:24
,Jannes,ecbe,2 Tim 3:8
,Janoah,e46a,Josh 16:7
,Japheth,edf4,Gen 6:10
,Japhia,e435,Josh 10:3
,Japhlet,e46b,Josh 16:3
,jar,E0d5,
,Jared,Ec62,Gen 5:15
,Jarmuth,e436,Josh 10:3
,Jashub,e389,Num 26:24
,Jason,EB64,Acts 17:5
,Jattir,e505,
,Javan,e1ba,Gen 10:2
,Jazer,e38a,Num 21:32
,jealous,e2fe,
,Jebusites,e1e5,Gen 10:16
,Jechoniah,EA66,Matt 1:11
,Jegar_Sahadutha,e1e6,Gen 31:47
,Jehoiachin,e41b,2 Kgs 24:6
,Jehoiada,e4b3,
,Jehoshaphat,EA5D,1 Kgs 15:24
,Jehozadak,e47e,Zech 6:11
,Jemuel,efcd,Exod 6:15
,Jephthah,ed04,Judg 11:1
,Jephunneh,e3ee,Num 26:65
,Jerah,edf5,Gen 10:26
,Jeremiah,EA28,2 Chr 36:12
,Jericho,Ea08,Num 22:1
,Jeroboam,e457,1 Kgs 11:26
,Jeroham,e4ec,
,Jerusalem,E338,Josh 10:1
,Jesse,EA58,Ruth 4:17
,Jesus,E037,Matt 1:1
,Jetheth,eff8,Gen 36:40
,Jethro,e0cc,Exod 18:1
,Jetur,eedc,Gen 25:15
,Jeush,e1bb,Gen 36:5
,Jew,e0f9,Esth 2:5
,Jewish,E0f9,Titus 1:14
,Jezebel,eca2,1 Kgs 16:31
,Jezer,e1bc,Gen 46:24
,Jezreel,e46c,Josh 17:16
,Jidlaph,efce,Gen 22:22
,Joab,e4b4,
,Joanan,Ec4c,Luke 3:27
,Joanna,Ec63,Luke 8:3
,Joash,e458,Judg 6:31
,Job,ed0b,Job 1:1
,Jobab,edf6,Gen 10:29
,Jochebed,e2c4,Exod 6:20
,Joda,E34b,Luke 3:26
,Joel,Ec92,Joel 1:1
,Jogbehah,e3cd,Num 32:35
,Jogli,e3ef,Num 34:22
,John,E35a,John 1:42
,John_the_Baptist,E336,Matt 3:4
,John_the_Disciple,E35a,Matt 4:21
,Johozadak,e494,
,Jokdeam,e515,
,Jokneam,e442,Josh 12:22
,Jokshan,eedd,Gen 25:2
,Joktan,e1bd,Gen 10:25
Ԗ,Joktheel,516,
,Jonah,E0c5,Jonah 1:1
,Jonah_Simons_father,EA29,Matt 16:17
,Jonam,Ec9b,Luke 3:30
,Jonathan,e48b,1 Sam 13:2
,Joppa,Ec2d,Jonah 1:3
,Joram,EA5E,2 Kgs 8:16
,Jordan_River,E34F,Gen 50:10
,Jorim,Ec64,Luke 3:29
,Joseph,EA15,Gen 30:24
,Joses,E369,Matt 13:55
,Joshua_man,Eb03,
,Joshua_village,e4f4,
,Josiah,EA65,2 Kgs 21:24
,Jotbathah,e3f0,Num 33:33
,Jotham,Eb82,Judg 9:5
,journey,E381,
,joy,E205,
,Jubal,edf7,Gen 4:21
,Judah_land,e426,Hag 1:1
,Judah_man,EA4B,Gen 29:35
,Judas,E368,Mark 6:3
,Judas_Iscariot,E365,Matt 10:4
,Judas_not_Iscariot,E368,John 14:22
,Jude,E368,Jude 1:1
,Judea,E339,Rom 15:31
,judge,E1a2,
,judgment,E1a2,
,Judith,edf8,Gen 26:34
,Julia,Ebc7,Rom 16:15
,Julius,Ec07,Acts 27:1
,jump,ed0a,
,Junia,Ebc8,Rom 16:7
,justice,ea25,
,justify,EB4F,
,Justus,Eb6a,Acts 1:23
,Juttah,e506,
ԗ,Kabbon,517,
Ԙ,Kabzeel,518,
,Kadesh,edf9,Gen 14:7
,Kadesh_Barnea,edf9,Num 34:4
,Kadmonites,efd1,Gen 15:19
ԙ,Kain,519,
,Kalneh,edfa,Gen 10:10
,Kamon,e520,
,Kanah_brook,e46d,Josh 16:8
,Kanah_village,e46e,Josh 19:28
,Karka,e51a,
,Karmi,efd2,Gen 46:9
,Kasluhites,edc9,Gen 10:14
,Kedar,eede,Gen 25:13
,Kedemah,eedf,Gen 25:15
,Kedemoth,e49a,Duet 2:26
,Kedorlaomer,edfb,Gen 14:1
,keep,E099,
,Kehelathah,e3f1,Num 33:22
,Keilah,e51b,
,Kemuel,efd3,Gen 22:21
,Kenan,ec56,Gen 5:9
,Kenath,e3ce,Num 32:42
,Kenaz,efd4,Gen 36:11
,Kenites,efd5,Gen 15:19
,Kephirah,e437,Jos 18:26
,Keran,eff9,Gen 36:26
,Kerethites,e52e,
,Kerioth,e459,Jer 48:24
,Kesed,efd6,Gen 22:22
,Kesil,e52f,
,Keturah,eee1,Gen 25:1
,key,EA9D,
,Kezib,e1bf,Gen 38:5
,Kibroth_Hattaavah,e2a0,Num 11:34
,Kidron_Valley,Eba6,John 18:1
,Kilion,e41f,Ruth 1:5
,kill,E141,
,Kinah,e530,
,kind_nice,E01C,
,kind_same,ed00,
,kindness,E01C,
,king,E028,
,kingdom,E02F,
,Kinnereth,e3f2,Josh 19:35
,Kir,e45a,Isa 22:6
,Kiriath_Arba,efd7,Gen 23:2
,Kiriath_Huzoth,e2f9,Num 22:39
,Kiriath_Jearim,e438,Josh 9:17
,Kish,EB49,1 Chr 24:29
,Kishion,e4e0,
,Kislon,e3f3,Num 34:21
,kiss,E0E8,
,Kitlish,e531,
,Kittim_island,eb88,Num 24:24
,Kittim_man,edfc,Gen 10:4
,kneel,E138,
,knife,E24E,
,knock,Eb8b,
,knot,E30E,
,know,E062,
,knowledge,E062,
,Kohath,efd8,Gen 46:11
,Korah,ecf3,Gen 36:14
,Kozbi,e3d1,Num 25:15
,Laban,edfd,Gen 24:29
,Lachish,e439,Josh 10:3
,Lael,e2a1,Num 3:24
,Lahmas,e532,
,lake,Ec65,
,Lamech,Ec66,Gen 5:25
,lamp,E164,
,lampstand,E281,
,land,E153,
,language,Ea23,
,Laodicea,ebf9,Col 4:13
,Lasea,Ec16,Acts 27:8
,Lasha,e1c0,Gen 10:19
,Lasharon,e443,Josh 12:18
,last,E234,
,late,E225,
,later,E225,
,Latin,Eba8,John 19:20
,laugh,E224,
,laughter,E224,
,law,E22F,
,lawful,E22F,
,lawlessness,e08f,
,Lazarus,Ec67,John 11:14
,lead,E137,
,lead_astray,E17f,
,leader,E137,
,leaf,E0B3,
,Leah,efd9,Gen 30:12
,leap,ed0a,
,learn,E22A,
,lease,E175,
,least,E397,
,leather,E255,
,leave,E243,
,leaven,E32D,
,Lebanon,e599,Ps 29:5
Գ,Lebaoth,533,
,Lebo_Hamath,e2a2,Num 34:8
,left,E0f4,
,leg,Ebe0,
,Legion,E366,Mark 5:9
,Lehabites,e1c1,Gen 10:13
,length,ecc2,
,leopard,ecf8,
,leprosy,E382,
,letter,Eb84,
,Letush,eee2,Gen 25:3
,Letush,eee2,Gen 25:3
,Leum,eee3,Gen 25:3
,Leummim,eee3,Gen 25:3
,level,E0d9,
,Levi,Eb1b,Exod 1:2
,Levi_Matthew,E35C,Luke 5:29
,Libnah,e3f4,Josh 15:42
,Libni,e2e2,Exod 6:17
,Libya,Eb73,Acts 2:10
,lie,E17F,Acts 5:4
,lie_down,E121,
,life,E09F,
,lift,E081,
,light,E0c2,
,lightning,EA88,
,like,E020,
,linen,ea20,
,Linus,ecb0,2 Tim 4:21
,lion,ecb6,
,live,E09F,
,Lo_Debar,e45b,2 Sam 9:4
,loaf,E05D,
,locust,ecd4,
,Lois,ecb7,2 Tim 1:5
,longsuffering,E16F,
,looks_like,ebcd,
,lord,E028,
,lost,E089,
,lot,Ea16,
,Lot,Ebdc,Gen 11:27
,Lotan,effb,Gen 36:20
,lots,EA16,Luke 23:34
,loud,Ebe8,
,love,E01A,
,lower_adj,E324,
,lower_verb,E080,
,Lucius,Ec93,Acts 13:1
,Lud,e1c2,Gen 10:22
,Ludites,e1ea,Gen 10:13
,Luke,Eb68,Col 4:14
,lunatic,E06D,
,lust,E239,
,Luz,edfe,Gen 28:19
,Lycaonia,EB51,Acts 14:6
,Lycia,Ec13,Acts 27:5
,Lydda,Ec2e,Acts 9:35
,Lydia,EB50,Acts 16:14
,Lysanias,Ec40,Luke 3:1
,Lysias,Ec37,Acts 24:22
,Lystra,EB44,Acts 16:2
,Maakah_man,efda,1 Chr 11:43
,Maakah_woman,e2d8,2 Chr 11:21
,Maakath_land,e483,Josh 13:13
,Maakath_man,e49c,Josh 12:5
,Maath,Ec4b,Luke 3:26
,Macedonia,Ec0d,Acts 16:9
,Machir_man,e2d1,Gen 50:23
,Machpelah,eee4,Gen 23:19
,Madai,edff,Gen 10:2
,Madmannah,e534,
,Madon,e444,Josh 11:1
,Magadan,EA30,Matt 15:39
,Magdiel,effc,Gen 36:43
,magician,Ec8a,
,Magog_land,ecf9,Ezek 38:2
,Magog_man,eea1,Rev 20:8
,Mahalalel,Ec68,
,Mahalath,eea2,Gen 28:9
,Mahanaim,efdb,Gen 32:2
,Mahlah,e38c,Num 36:11
,Mahli,e2c5,Ezra 8:18
,Mahlon,e420,Ruth 1:5
,make,E076,
,Makheloth,e3f5,Num 33:26
,Maki,e2a3,Num 13:15
,Makir,e46f,Jos 13:31
,Makkedah,e414,Josh 10:28
,Malchus,Ebb7,John 18:10
,Malki_Shua,e4ed,
,Malkiel,efcf,Gen 46:17
,Malta,Ec19,Acts 28:1
,Mamre,eea3,Gen 18:1
,man,E000,
,Manaen,EB40,Acts13:1
,manage,e137,
,Manahath,e1c3,Gen 36:23
,Manasseh_land,e470,Josh 17:7
,Manasseh_man,EA63,Gen 41:51
,manna,Eba9,Exod 16:31
,many,E198,
,Maon_man,e47c,
,Maon_village,e521,
,Marah,e0cd,Exod 15:23
,Mareshah,e493,
,Mark,E371,Acts 15:37
,market_place,E02E,
,Maroth,e3b6,
,marriage,E010,
,Martha,Ec69,John 11:5
,Mary,E354,Matt 27:56
,Mary_Magdalene,E353,Mark 15:40
,Mary_Mother_of_Jesus,E354,Matt 1:16
,Masrekah_city,effd,Gen 36:36
,Massa,eee5,Gen 25:14
,Massah,e2c3,Exod 17:7
,master,e028,
,Matred,effe,Gen 36:39
,Mattanah,e38d,Num 21:19
,Mattatha,Ec9c,Luke 3:31
,Mattathias,Ec9d,Luke 3:26
,Matthan,EA71,Matt 1:15
,Matthat,Ed12,Luke 3:24
,Matthew,Eb04,Matt 9:9
,Matthias,Eb04,Acts 1:26
,Mattithiah,e1c4,Ezra 10:43
,mattress,E122,
,mature,E236,
,me,E166,
,Me_Zahab,efff,Gen 36:39
,meal,E053,
,meaning,ecfa,
,measure,E305,
,Medad,e2a4,Num 11:26
,Medan,eee7,Gen 25:2
,Medeba,e38e,Num 21:30
,Media,Eb70,Ezra 6:2
,Megiddo,ecfb,Josh 12:21
,Mehetabel,eff0,Gen 36:39
,Mehujael,eea4,Gen 4:18
,Melchi,Ec45,Luke 3:24
,Melchizedek,ed05,Gen 14:18
,Melea,Ec6a,Luke 3:31
,member,E174,
,Menna,Ec6b,Luke 3:31
,Mephaath,e4e1,
,Mephibosheth,e527,
,Merari,efdc,Gen 46:11
,mercy,E01D,
,Meribah,e2c7,Exod 17:7
,Mesha_land,eea5,Gen 10:30
,Meshech,eea6,Gen 10:2
,Mesopotamia,Eb72,Acts 2:9
,message,E22d,
,messenger,E136,
,Messiah,E334,John 4:25
,metal,Eb28,
,Methuselah,Ec6c,Gen 5:21
,Methushael,eea7,Gen 4:18
,Mibsam,eee6,Gen 25:13
,Mibzar,e1c5,Gen 36:42
,Micah,e522,
,Michael_angel,ece1,Jude 9
,Michael_man,e2a5,1 Chr 5:13
,Middin,e535,
,Midian_land,Eb0f,Exod 2:15
,Midian_man,e1eb,Gen 25:2
,Migdalgad,e536,
,Migdol,e0ce,Exod 14:2
Ԩ,Mika,528,
,Mikmethath,e471,Josh 16:6
,Miletus,Eb23,Acts 20:15
,milk,Eca3,
,Milkah,eee8,Gen 11:29
,million,ecd9,
,mind,E06C,
,miracle,E095,
,Miriam,E385,Num 12:1
,mirror,ebe6,
,Mishael,e2dc,Lev 10:4
,Mishal,e4e2,
,Mishma,e1c6,Gen 25:14
,Mithkah,e3f6,Num 33:28
,Mitylene,Eb21,Acts 20:14
,Mizpah,e2cf,Gen 31:49
,Mizraim,eea8,1 Chr 1:8
,Mizzah,e1c7,Gen 36:13
,Mnason,EB26,Acts 21:16
,Moab_land,e2fa,Gen 36:35
,Moab_man,eea9,Gen 19:37
,mock,EA12,
,Moladah,e537,
,Molech,Ec26,Lev 18:21
,money,E029,
,month,E34c,
,moon,E272,
,Mordecai,e4a3,Esth 2:5
,more,E199,
,Moreh,eeaa,Gen 12:6
,Moresheth,e4a9,
,Moriah,efdd,Gen 22:2
,morning,E163,
,Moserah,e485,Duet 10:6
,Moseroth,e3f7,Num 33:30
,Moses,E35B,Exod 2:10
,most,E229,
,mother,E00B,
,Mount_Carmel,e45c,1 Kgs 18:19
,Mount_Ebal,e415,Duet 11:29
,Mount_Gerizim,e416,Duet 11:29
,Mount_Gilboa,e4ef,
,Mount_Halak,e44e,Josh 11:17
,Mount_Hermon,e49d,Duet 3:8
,Mount_Hor,e3b4,Num 20:22
,Mount_Horeb,eb5c,Exod 33:6
,Mount_Nebo,e486,Duet 32:49
,Mount_of_Olives,E351,Matt 21:1
,Mount_Peor,e392,Num 23:28
,Mount_Pisgah,e393,Num 21:20
,Mount_Shepher,e3f8,Num 33:23
,Mount_Sinai,Eb5c,Exod 19:11
,Mount_Zion,ecf5,2 Kgs 19:31
,mountain,E306,
,mouth,E03F,
,move,E32F,
,much,e198,
,multitude,E128,
,Muppim,efde,Gen 46:21
,murderer,EA10,
,Mushi,e2c6,Exod 6:19
,mustard,E039,
,mute,E050,
,Myra,Ec28,Acts 27:5
,myrrh,E245,
,Mysia,EB4A,Acts 16:7
,mystery,E18B,
,Naamah,eeab,Gen 4:22
,Naamah,e538,Gen 4:22
,Naaman,Ec6d,Gen 46:21
,Naarah_village,e472,Josh 16:7
,Naarah_woman,e477,1 Chr 4:5
,Nadab,e2e3,Exod 6:23
,Naggai,Ec4a,Luke 3:25
,Nahalal,e4e3,
,Nahaliel,e394,Num 21:19
,Nahath,e1c8,Gen 36:13
,Nahbi,e2a6,Num 13:14
,Nahor,Ec6e,Gen 11:22
,Nahshon,EA52,Exod 6:23
,Nahum,Ec48,Nah 1:1
,nail,Ebaa,
,Nain,EA48,Luke 7:11
,name,E04F,
,Naomi,e421,Ruth 1:2
,Naphish,eee9,Gen 25:15
,Naphtali,EA40,Gen 30:8
,Naphtuh,eeac,Gen 10:13
,Narcissius,Ebc9,
,Nathan,Ec6f,2 Sam 5:14
,Nathaniel,Ec6f,Num 7:23
,nation,E0a2,
,Nazareth,E34E,Matt 2:23
,Nazarite,e395,Num 6:22
,Neapolis,EB4E,Acts 16:11
,near,E300,
,Nebaioth,eead,Gen 28:9
,Nebo,e3f9,Num 33:47
,Nebuchadnezzar,e41c,Jer 21:2
,neck,E0d3,
,need,E07F,
,needle,E078,
,Negev,eeae,Gen 12:9
,neighbor,E173,
,Nemuel,e396,Num 26:9
,Nepheg,e2e4,Ex 6:21
,Nephtoah,e539,
,Nereus,Ebca,Rom 16:15
,Neri,Ec70,Luke 3:27
,nest,e399,
,net,E307,
,Nethanel,e2ff,Num 1:8
,new,E308,
,news,E22d,
,next,ebf2,
,Nezib,e53a,
,Nibshan,e53b,
,Nicanor,Eb55,Acts 6:5
,Nicodemus,Ebab,John 3:1
,Nicolaus,Eb56,Acts 6:5
,Nicopolis,ed08,Titus 3:12
,night,E272,
,Nile,efdf,Exod 7:18
,Nimrah,E3cf,Num 32:3
,Nimrod,eeaf,Gen 10:8
,nine,E294,
,Nineveh,E0c6,Gen 10:12
,no,E17C,
,Noah_man,EA43,Gen 6:8
,Noah_woman,e47a,Num 36:11
,Nob,e463,1 Sam 21:1
,Nobah_land,e3d0,Num 32:42
,Nobah_man,e412,Num 32:42
,Nod,eeb1,Gen 4:16
,noise,Ebe9,
,Nophah,e39b,Num 21:30
,north,Ea74,
,nose,E309,
,not,E17C,
,now,E215,
,number,E0B7,
,Nun,e2e6,Exod 33:11
,Nympha,ecea,Col 4:15
,Obadiah,e44f,Neh 10:5
,Obal,eeb2,Gen 10:28
,Obed,EA56,Matt 1:5
,obedience,E04E,
,obey,E04E,
,Oboth,e39c,Num 33:43
,ocean,E14D,
,offering,E03A,
,Og,e39d,Ps 135:11
,Ohad,efe1,Gen 46:10
,Oholiab,e0cf,Exod 31:6
,Oholibamah_man,e0ac,Gen 36:41
,Oholibamah_woman,efe0,Gen 36:18
,oil,E030,
,Okran,e2a7,Num 1:13
,old,E189,
,olive,eda1,
,Olympus,Ebcb,Rom 16:15
,Omar,e1c9,Gen 36:11
,on,E113,
,On_city,efe2,Gen 41:45
,on_top_of,E113,
,Onam,e1ca,Gen 36:23
,Onan,e1cb,Gen 38:8
,one,E28C,
,Onesimus,ecb8,Phlm 1:10
,Onesiphorus,ecb8,2 Tim I:16
,only,E223,
,open,E18A,
,Ophir,eeb3,Gen 10:29
,oppose,e330,
,or,E106,
,order,Ebe7,
,Orpah,e422,Ruth 1:4
,other,E184,
,Othniel,e53c,
,out,E241,
,outside,E241,
,over,E110,
,owe,EA49,
,own,eced,
,ox,EA85,
,Ozni,e39e,Num 26:16
,Paddan_Aram,eeea,Gen  25:20
,Pagiel,e2a8,Num 1:13
,pain,E24F,
,Pallu,e1cc,Exod 6:14
,Palti,e2a9,Num 13:9
,Paltiel,e3fb,Num 34:26
,Pamphylia,Eb6e,Acts 2:10
,Paphos,eb9f,Acts 13:6
,parable,E22D,
,paralyze,E131,
,Paran,eeeb,Gen 21:21
,Parmenas,Eb57,Acts 6:5
,Parnak,e3fc,Num 34:25
,part,E29B,
,Parthia,Eb0a,Acts 2:9
,party,E20B,
,pass,E10b,
,passion,Ebac,
,Passover,E20d,Exod 12:11
,past,E16D,
,pastor,ecc3,
,Patara,ec23,Acts 21:1
,path,E23C,
,Pathrusites,eeb4,1 Chr 1:12
,patience,E16F,
,patient,E16F,
,Patmos,ebf4,Rev 1:9
,Patrobas,Ebcc,Rom 16:14
,pattern,ecf0,
,Pau,efd0,Gen 36:39
,Paul,E377,Acts 13:9
,pavement,Ebad,
,peace,E123,
,Pedahel,e3fd,Num 34:28
,Pedahzur,e2aa,Num 1:10
,Peleg,Ec71,Gen 10:25
,Peleth,e2fb,Num 16:1
,Pelethites,e4b5,
,pen,E29C,
,Peniel,efe4,Gen 32:30
,Peninnah,e4f0,
,pentecost,Ec81,Acts 2:1
,Pentecost,Ec81,Acts 2:1
,people,E127,
,perceive,E06A,
,Perez,EA4C,1 Chr 27:3
,perfect,ecec,
,perfume,E097,
,Perga,EB47,Acts 13:13
,Pergamum,ebf6,Rev 1:11
,Perizzites,eeb5,Gen 15:20
,permission,E04A,
,permit,E04a,
,persecute,E03e,
,persecution,E03E,
,Persia,e4a4,2 Chr 36:20
,Persis,Ebce,Rom 16:12
,person,E11F,
,Pethor,e2fc,Num 22:5
,Pethuel,e424,Joel 1:1
,Phanuel,Ec3c,Luke 2:36
,Pharaoh,Ec94,Genesis 12:15
,Pharisee,E383,Matt 23:26
,Phicol,eeb6,Gen 21:22
,Philadelphia,ebf8,Rev 1:11
,Philemon,ecf2,Phlm 1:1
,Philetus,ecac,2 Tim 2:17
,Philip,E361,Matt 10:3
,Philippi,E347,Phil 1:1
,Philistia,eeb7,Ps 60:8
,Philologus,Ebcf,Rom 16:15
,philosopher,Ec04,
,Phinehas,e2c9,Exod 6:25
,Phlegon,Ebd1,Rom 16:14
,Phoebe,Ebd2,Rom 16:1
,Phoenicia,E343,Acts 11:19
,Phoenix,Ec29,Acts 27:12
,Phrygia,Eb76,Acts 2:10
,Phygelus,ecb9,2 Tim 1:15
,Pi_Hahiroth,e0da,Exod 14:2
,pig,E30A,
,pigeon,E0B6,
,Pilate,E36f,Matt 27:2
,Pildash,efe3,Gen 22:22
,pillar,eca8,
,pillow,E26C,
,Pinon,efc0,Gen 36:41
,Piram,e417,Josh 10:3
,Pirathon,e523,
,Pishon,eeb8,Gen 2:11
,Pisidia,Eb97,Acts 14:24
,pitch,eeb9,Gen 6:14
,Pithom,e0db,Exod 1:11
,plan,E06B,
,plant,E244,
,plate,E386,
,platter,E386,
,plow,Ec72,Deut  22:10
,pn,Ed11,
,Pontus,Eb75,Acts 2:9
,poor,EA3A,
,porch,eb5e,John 10:23
,Porcius,Ec38,Rev 1:11
,pos,E390,
,possible,E098,
,Potiphar,eeec,Gen 37:36
,Potiphera,e1cd,Gen 41:45
,pour,E0d6,
,power,E124,
,praise,E04B,
,pray,E05E,
,prayer,E05E,
,preach,E04D,
,preacher,E134,
,preaching,E04D,
,precious,EA37,
,pregnant,E0a5,
,prepare,E091,
,press,E228,Luke 8:45
,pretend,E094,
,prevail,eb14,Luke 23:23
,pride,E14B,
,priest,E03B,
,prince,Eb61,
,priority,Ebe7,
,Priscilla,Eb18,Acts 18:2
,prison,E172,
,prisoner,E145,
,Prochorus,Eb53,Acts 6:5
,proconsul,E0a3,Acts 13:12
,profit,E035,
,promise,E37A,
,prophesy,E23B,
,prophet,E135,
,prostitute,ecfc,
,proud,e14b,
,proverb,Ec73,
,Psalm,E0e2,1 Chr 16:7
,Ptolemais,Ec08,Acts 21:7
,Puah_man,e1d3,Judg 10:1
,Puah_woman,e0dc,Exod 1:15
,Publius,Ec1a,Acts 28:7
,Pudens,ecba,2 Tim 4:21
,punish,e1d0,
,punishment,e1d0,
,Punon,e3fe,Num 33:42
,pure,E248,Matt 5:8
,purple,E286,
,purpose,E066,Rom 8:28
,put,e07e,
,Put_man,Eeba,1 Chr 1:8
,put_verb,E07E,Gen 3:15
,Puteoli,Ec1e,Acts 28:13
,Putiel,e2ca,Exod 6:25
,Pyrrhus,Eb1c,Acts 20:4
,Quartus,Ebd3,Rom 16:23
,queen,eb15,1  Kgs 10:1
,questioned,E061,
,quiet,E185,Matt 20:31
,Quirinius,Ec3b,Luke 2:2
,Raamah,eebb,Gen 10:7
,Rabbah,e49e,Deut 3:11
,Rachel,EA41,Gen 29:6
,Rahab,EA55,Josh 2:1
,rain,EA3E,
,rainbow,ecdc,
,Ram,EA50,Ruth 4:19
,Ramah,EA42,Josh 18:25
,Ramathaim,e4f1,
,Rameses,efb4,Gen 47:11
,Ramoth_Gilead,e473,1 Kgs 4:13
,Raphu,e2e9,Num 13:9
,read,E22A,
,reason,E066,
,Reba,e3c4,Num 31:8
,Rebekah,Ebd4,Gen 22:23
,rebellion,E193,
,rebuke,E060,
,Recab,e529,
,receive,E1a3,
,reckon,Ebc0,Rom 4:4
,reconcile,E026,
,red,E287,
,redeem,E02C,
,redemption,E02C,Luke 2:38
,reed,ea26,
,Rehob,e2ea,Num 13:21
,Rehoboam,EA5A,1 Kgs 11:43
,Rehoboth,eebc,Gen 26:22
,Rei,e4b6,
,reject,e193,
,Rekem_city,e418,Josh 18:27
,Rekem_man,e3c3,Num 31:8
,relative,E176,
,religion,ec33,
,remain,e83b,
,remember,E0d8,
,repeat,E049,
,repent,E320,
,repentance,E320,
,Rephaim,eebd,Josh 15:8
,Rephidim,e0dd,Exod 17:1
,report,E22d,
,rescue,E214,Acts 12:11
,Resen,eebe,Gen 10:12
,rest,E121,Matt 11:28
,result,E237,
,resurrect,E329,
,resurrection,E329,
,Reu,Ec74,Gen 11:18
,Reuben,Ecc0,Gen 29:32
,Reuel,e1ce,Gen 36:4
,Reumah,efc4,Gen 22:24
,reveal,E162,Matt 11:27
,revenge,ed0c,Rom 12:19
,revile,e055,1 Cor 4:12
,reward,E02D,
,Rhegium,Ec1d,Acts 28:13
,Rhesa,Ec75,Luke 3:27
,Rhoda,Eb92,Acts 12:13
,Rhodes,Eb25,Acts 21:1
,rib,eebf,Gen 2:21
,Riblah,e3ff,Num 34:11
,right,E0f3,
,right_time,Ed10,
,righteous,E090,
,righteous_person,E130,Matt 13:43
,righteousness,E090,Matt 5:20
,Rimmon_man,e52b,
,Rimmon_Perez,E400,Num 33:19
,Rimmon_village,e53d,
,ring,ebdf,
,ripe,E236,
,ripen,E154,
,Riphath,eec1,Gen 10:3
,Rissah,E401,Num 33:21
,Rithmah,e402,Num 33:18
,river,E30B,
,road,E23C,
,robber,E0e9,
,rock,E26A,
,Rome,Eb16,Acts 2:10
,room,Eb06,
,rooster,E25D,
,root,E15C,
,Rosh,e1d2,Gen 46:21
,rough,ec99,Luke 3:5
,Rufus,E36E,Mark 15:21
,ruler,E028,Matt  9:18
,run,E258,
,Ruth,EA57,Ruth 1:4
,Sabbath,E160,Exod 16:23
,Sabtah,eec2,Gen 10:7
,Sabteka,eec3,Gen 10:7
,sacrifice,E0b5,
,sad,E207,
,Sadducee,Ea03,Matt 3:7
,said,E03F,
,sail,E267,
,saint,E130,
,Salamis,Ebe1,Acts 13:5
,Salathiel,Ec76,1 Chr 3:17
,Salekah,e445,Deut 3:10
,Salim,Ebae,John 3:23
,Salmon,EA53,Ruth 4:20
,Salmone,Ec15,Acts 27:7
,Salome,E379,Mark 15:40
,salt,E046,
,Salu,e403,Num 25:14
,salvation,Eb80,
,Samaria,EA83,1 Kgs 13:32
,Samaritan,EA7B,Luke 10:33
,same,E24B,Matt 26:44
,Samlah,efb0,Gen36:36
,Samos,Ec25,Acts 20:15
,Samothrace,EB4C,Acts 16:11
,Samson,ed06,Judg 13:24
,Samuel,Eb8e,1 Sam 1:20
,sanctuary,Eb01,
,sand,ecfd,
,Sansannah,e53e,
,Sapphira,Eb66,Acts 5:1
,Sarah,Ebd5,Gen 17:15
,Sarai,eec4,Gen 11:29
,Sardis,ebf7,Rev 1:11
,Satan,E335,Job 1:6
,Saul,Eb54,1 Sam 9:2
,save,E214,
,savior,Ec85,
,scatter,ea34,Matt 26:31
,scepter,e404,
,Sceva,Eb19,Acts 19:14
,scorpion,Ec77,
,scribe,E12C,Acts 2:4
,Scripture,E22c,Mark 12:10
,Scythia,eceb,Col 3:11
,sea,E14D,
,Sea_of_Galilee,E350,Matt 4:18
,Sea_of_Reeds,Eb0c,Exod 10:19
,Sea_of_Tiberias,Ebaf,John 6:1
,seal,E221,Matt 27:66
,sealed,e221,
,search,E074,
,Seba_land,e544,Isa 43:3
,Seba_man,eec5,Gen10:7 (man)
,Sebam,e49b,Num 32:3
,Secacah,e53f,
,secret,E186,
,sect,Ec33,Acts 28:22
,Secundus,Eb1d,Acts 20:4
,see,E238,
,seed,E27A,
,Seir,eec6,Gen 14:6
,Seleucia,EB42,Acts 13:4
,self,EA95,
,sell,E32B,
,Semein,Ec9e,
,send,E075,
,sensuality,E239,Jas 3:15
,separate,E326,
,Sephar,eec7,Gen 10:30
,Serah,e1d4,Gen 46:17
,Sered,edd1,Gen 46:14
,Sergius,EB45,Acts 13:7
,Serug,Ec78,Gen11:20
,servant,E12D,
,serve,E08E,
,Seth,Ec79,Gen 4:25
,Sethur,e2eb,Num 13:13
,seven,E292,
,sew,E077,
,sex,EA87,
,sexual_desire,E239,1 Cor 7:9
,Shaarim,e540,
,Shaashgaz,e41d,Esth 2:14
,shade,E079,
,shake,E27D,
,shame,E065,
,Shamir_man,e47d,
Ԥ,Shamir_village,524,
,Shammah,efa0,Gen 36:13
,Shammua,e2ec,Num 13:4
,Shaphat,e1e8,Num 13:5
,Shaphir,e4aa,
,share,E07A,
,Sharon,Ec2b,1 Chr 5:16
,sharp,ebf3,
,Shaul,e1d5,Gen 46:10
,shave,Eb27,
,Shaveh_Kiriathaim,eec8,Gen 14:5
,Shealtiel,EA68,Ezra 3:2
,Sheba_land,e425,2 Chr 9:12
,Sheba_man,eec9,2 Sam 20:1
,Shechem_city,Ec95,Josh 21:21
,Shechem_man,ec97,Gen 34:20
,Shedeur,e2ed,Num 1:5
,sheep,E270,
,Shelah,Ec7a,Gen 38:5
,Sheleph,eeca,Gen 10:26
,Shelomi,e405,Num 34:27
,Shelomith_man,e2f1,1 Chr 23:9
,Shelomith_woman,e543,Lev 24:11
,Shelumiel,e2ee,Num 1:6
,Shem,Ec7b,Gen 5:32
,Shema,e541,
,Shemeber,eecb,Gen 14:2
,Shemida,e39f,Num 26:32
,Shemuel,e411,Num 34:20
,Sheol,E0c9,2 Sam 22:6
,Shepham,e406,Num 34:10
,shepherd,E271,
,Shepho,e1d6,Gen 36:23
,Shephupham,e3a0,Num 26:39
,Sheshai,e2d3,Num 13:22
,Shibah,e1d7,Gen 26:33
,shield,E388,
,Shikkeron,e542,
,Shillem,edd5,Gen46:24
,Shiloh,e1d8,Josh 18:1
,Shimei,e2cb,Num 3:18
,Shimron_man,efe7,Gen 46:13
,Shimron_village,e446,Josh 11:1
,Shinab,eecc,Gen 14:2
,Shinar,eecd,Gen10:10
,Shiphrah,e0de,Exod 1:15
,Shiphtan,e407,Num 34:24
,Shittim,e408,Num 25:1
,Shobal,e1d9,Gen 36:20
,shoe,E12E,
,shoulder,e132,
,shout,E149,
,show,E162,
,Shua,e1e7,1 Chr 2:3
,Shuah,eeee,Gen 25:2
,Shuham,e3b7,Num 26:42
,Shunem,e4b7,
,Shuni,e0e0,Gen 46:16
,Shur,e1da,Gen 16:7
,Shuthelah,e3b8,Num 26:35
,Sibmah,e3d2,Josh 13:19
,sick,E20A,
,Siddim,eece,Gen 14:3
,side,E10D,
,Sidon_city,E33C,Matt 11:21
,Sidon_man,eecf,Gen 10:15
,sigh,E047,
,sign,E0a9,
,Sihon,e3b9,Num 21:21
,Silas,EB41,Acts 15:22
,silence,E185,
,Siloam_city,ebb1,Luke 13:4
,Silvanus,eca9,2 Cor 1:19
,silver,Eb2b,
,Simeon,Ea47,Gen 29:33
,Simon,EA47,John 13:26
,Simon_Jesus_Brother,ea92,Matt 13:55
,Simon_of_Cyrene,E37C,Mark 15:21
,Simon_Peter,E356,Matt 4:18
,Simon_the_Canaanite,E364,Matt 10:4
,Simon_the_Leper,E0f8,Mark 14:3
,sin,E08F,
,Sin,e0ea,Ezek 30:15
,sinful,E08F,
,sing,E0e2,
,Sinites,eed1,Gen 10:17
,sinner,E151,
,sister,E00E,
,sisters,E00F,
,sit,E298,
,Sithri,e2e5,Exod 6:22
,Sitnah,eed2,
,six,E291,
,skull,E20F,
,sky,Ec8b,
,slave,E10E,
,sleep,E121,
,slow,E19C,
,small,E19B,
,smaller,E32E,
,smallest,E397,
,smell,E309,
,smoke,Ec03,
,smooth,Ec9a,
,Smyrna,ebf5,Rev 1:11
,snake,E30C,
,snow,ebfb,
,Sodi,e2d4,Num 13:10
,Sodom,EA8E,Gen 10:19
,soft,E268,
,soil,E15B,
,sojourner,E158,
,soldier,E12F,
,Solomon,EA32,2 Sam 5:14
,some,E29B,
,son,E004,
,Son_of_Man,E352,Matt 8:20
,song,E0e2,
,sons,E005,
,Sopater,Ec20,Acts 20:4
,sorcery,Ec8c,
,Sosipater,ec20,Rom 16:21
,Sosthenes,EB3C,Acts 18:17
,soul,E10F,
,sound,Ebe9,
,south,ea31,
,sow,E07D,
,sower,E133,
,space,E153,
,Spain,Ebd6,Rom 15:24
,speak,E03F,
,spend,E32a,
,spice,ecfe,
,spirit,E187,
,spit,E048,
,split,E326,
,sponge,EA18,
,spot,Ed01,
,spy,ed07,
,Stachys,Ebd7,Rom 16:9
,staff,E14C,
,stair,E0d9,
,stand,E32C,
,star,E0c3,
,start,E231,
,stay,E83b,
,steal,E07B,
,stem,Ea01,
,Stephanas,Ebea,1 Cor 1:16
,Stephen,Eb6b,Acts 6:5
,stern,E266,
,stern_words,eca7,
,stewardship,E07C,
,stick,E398,
,Stoic,Ec06,Acts 17:18
,stomach,E0C8,
,stop,E073,
,storehouse,Ec43,
,storm,E27C,
,story,E22D,
,straight,E313,
,stranger,E069,
,strangled,EB33,
,stream,E30B,
,stretch,E31C,
,string,ecc7,
,strong,E08A,
,stumble,E257,
,stumbling_block,ea27,
,Succoth_city,e0a0,Josh 13:27
,Succoth_land,e2e7,Gen 33:17
,suffer,e222,
,suffering,E222,
,summer,E0c4,
,sun,E15F,
,sundown,E161,
,Suphah,e3d5,Num 21:14
,Susa,e4a5,Ezra 4:9
,Susanna,Ec7c,Luke 8:3
,sweet,E30D,
,sword,E282,
,synagogue,E0b9,
,Syntyche,ece6,Phil 4:2
,Syracuse,Ec1c,Acts 28:12
,Syria,E342,Matt 4:24
,Taanach,e447,Josh 12:21
,Taberah,e2d5,Num 11:3
,tabernacle,Eb32,Exod 25:9
,table,E280,
,Tahan,e476,Num 26:35
,Tahash,e1db,Gen 22:24
,Tahath,e409,Num 33:26
,tail,ecd6,
,take,E088,
,Talmai,e2d6,Num 13:22
,Tamar,EA4E,Gen 38:6
,tambourine,e413,
,Tappuah,e448,Josh 12:17
,tar,eeb9,
,Tarshish_man,eed3,Gen 10:4
,Tarshish_village,eed4,Ps 48:7
,Tarsus,Ec30,Acts 9:11
,taste,Ea07,
,tax,E02B,
,tax_collector,E12A,
,teach,E04C,
,teacher,E12B,
,teaching,E04C,
,Tebah,e0b0,Gen 22:24
,teeth,E0B1,
,Tekoa_man,E1ff,1Cron 2:24
,Tekoa_village,e45d,2 Sam 14:2
,Telem,e4df,
,Tema_land,ea60,Isa 21:14
,Tema_man,eeed,Gen 25:15
,Teman_land,e1e1,Jer 49:20
,Teman_man,ef90,Gen 36:11
,temple,E03D,
,tempt,E183,
,temptation,E183,
,ten,E295,
,tent,EB32,
,Terah_land,e40a,Num 33:28
,Terah_man,Ec7d,Gen 11:24
,Teresh,e4a6,Esth 2:21
,Tertius,Ebee,Rom 16:22
,Tertullus,Eb9b,Acts 24:1
,test,Ec21,
,testimony,E22E,
,Thaddaeus,E37B,Matt 10:3
,thank,E20E,
,that,E184,
,Thebes,e44a,Jer 46:25
,them,E125,
,Theophilus,Eb67,Luke 1:3
,therefore,E066,
,Thessalonica,Eb12,Acts 17:1
,Theudas,Eb71,Acts 5:36
,they,E125,
,thief,E0e9,
,thigh,ed0d,
,thing,E105,
,think,E06C,
,think_opinion,E06c,
,think_wonder,E06c,
,thirst,eccf,
,thirsty,eccf,
,this,E226,
,Thomas,E363,Matt 10:3
,thorn,E27B,
,thought,E06c,
,thousand,E296,
,three,E28E,
,threshing,EA39,
,threshing_floor,Ec42,
,throne,Ec84,
,through,E10B,
,throw,E327,
,Thummim,e0eb,Exod 28:30
,thunder,E044,
,Thyatira,EB52,Acts 16:14
,Tiberias_city,Ebb0,John 6:23
,Tiberius_man,Ec3d,Luke 3:1
,Tidal,eed5,Gen 14:1
,tie,E30E,
,Tigris,eed6,Dan 10:4
,Timaeus,E36C,Mark 10:46
,time,E16A,
,times,E049,
,Timna_man,e0ad,Gen 36:22
,Timna_woman,ef80,Gen 36:12
,Timnah,e1dc,Josh 15:10
,Timnath_Serah,e4e4,
,Timon,Ec96,Acts 6:5
,Timothy,Ec02,1 Tim 1:2
,Tiras,eed7,Gen 10:2
,Tirzah_village,e449,Josh 12:24
,Tirzah_woman,e3ba,Num 26:33
,tithe,ed0f,
,Titus,EB38,Titus 1:4
,to,E318,
,to_clothe,E147,
,to_plant,E07d,
,toe,e2c8,
,Togarmah,eed8,Gen 10:3
,together_people,E126,
,together_things,E108,
,Tohu,e4f2,
,Tola,e0c0,Gen 46:13
,tomb,E178,
,tongue,E045,
,tool,Eb34,
,Tophel_land,e487,
,touch,E10C,
,tower,E30F,
,Trachonitis,Ec3f,Luke 3:1
,transfiguration,E31F,
,transfigure,E31F,
,travel,E381,
,tree,E244,
,trial,Ec87,
,tribe,EA81,
,tribulation,E03e,
,trip,E381,
,triumph,eb14,
,Troas,Ec0b,Acts 16:8
,Trophimus,Eb1e,Acts 20:4
,trouble,E333,
,true,E09C,
,trumpet,EA79,
,trust,E023,
,truth,E09C,
,try,Eb94,
,Tryphaena,Ebd8,Rom 16:12
,Tryphosa,Ebd9,Rom 16:12
,Tubal,eed9,Gen 10:2
,Tubal_Cain,eeef,Gen 4:22
,turn,E31E,
,twin,Ec1b,
,two,E28D,
,Tychicus,ecbb,Acts 20:4
,type,ed00,
,Tyrannus,EB3F,Acts 19:9
,Tyre,E33B,Josh 19:29
,unbelief,E194,
,under,E10A,
,understand,E063,
,understanding,E063,
,unity,E297,
,unleavened,E043,
,unrighteous,e08f,Matt 5:45
,unrighteousness,e08f,
,untie,E37F,
,until,E16C,
,up,E315,
,Ur,efa5,Gen 11:28
,Urbanus,Ebda,Rom 16:9
,Uri,e2e8,Exod 31:2
,Uriah,EA46,2 Sam 11:3
,Urim,e2cc,Exod  28:30
,us,E167,
,use,E08D,
,useful,E08D,
,useless,E190,
,Uz_land,e1dd,Job 1:1
,Uz_man,eef1,Gen 10:23
,Uzal,eef2,Gen 10:27
,Uzziah,EA5F,2 Kgs 15:13
,Uzziel,e2f2,Exod 6:18
,valley,Eba7,
,Valley_of_Eskol,e2d7,Num 13:23
,value,E09b,
,Vashti,e4a7,Esth 1:9
,vendor,E0B4,
,vengeance,ed0c,
,very,E211,
,victory,eb14,
,village,E19A,
,vine,Ec91,
,vineyard,E27F,
,virgin,EA7E,
,vision,Ea80,
,visit,E25a,
,voice,E042,
,Vophsi,e40b,Num 13:14
,Waheb,e3bb,Num 21:14
,waist,E391,
,wait,EA11,
,walk,E256,
,wall,E288,
,want,E020,
,war,E283,
,warn,e19e,
,wash,E08B,
,watchman,E0a8,
,watchtower,E23A,
,water,E247,
,wave,E328,
,way,E23C,
,we,E167,
,weak,ea24,
,wealth,E029,
,wealthy,E029,
,weary,ebfe,
,wedding,E011,
,week,Ebb2,
,weigh,E0e6,
,weight,E0e6,
,well,Ebb3,
,west,EA89,
,wet,E247,
,what,E109,
,wheat,E279,
,when,E16A,
,where,E15A,
,whip,E310,
,whisper,E186,
,white,E285,
,who,E1a1,
,whole,E251,
,why,E067,
,wide,ecc4,
,widow,E016,
,wife,E014,
,wild,E17E,
,wilderness,E156,
,will,E020,
,wind,E220,
,window,E311,
,wine,E275,
,wing,Eb7d,
,wings,Eb7d,
,winnowing_fork,Ec41,Matt 3:12
,winter,E16B,
,wisdom,E064,
,wise,E064,
,with,E24C,
,witness,E22e,
,woman,E008,
,wood,E244,
,wool,ebfa,
,word,Ebb4,
,Word,Ebb8,John 1:1
,Word_of_God,E22c,Rev 19:13
,work,E08C,
,world,E129,
,worm,Ea06,
,Wormwood,ecd3,Rev 8:11
,worry,E056,
,worse,E182,
,worship,E04B,
,worth,E09b,
,worthy,E09B,
,wrap,EA19,
,wrath_of_God,E02A,
,write,E29C,
,writer,E12C,
,wrong,Ea02,
,Yahweh,E0c7,Exod 6:3
,year,E15E,
,yellow,ecdb,
,yes,E09A,
,yoke,Eb09,
,you,E314,
,young,E0f1,
,Zaanan,e4ab,
,Zaavan,ef70,Gen 36:27
,Zacchaeus,Ec7e,Luke 19:2
,Zaccur,e1f1,Num 13:4
,Zadok,EA6D,2 Sam 15:24
,Zalmonah,e40c,Num 33:41
,Zaphon,e525,
,Zarephath,Ec7f,1 Kgs 17:9
,Zebedee,E359,Matt 4:21
,Zeboyim,eef3,1 Sam 13:18
,Zebulun,EA3F,Gen 30:20
,Zechariah,EA98,Zech 1:1
,Zedad,e40d,Num 34:8
,Zelophehad,e3bc,Num 26:33
,Zemarites,eef4,Gen 10:18
,Zenas,ed09,Titus 3:13
,Zepho,e1de,Gen 36:11
,Zephon,e0d0,Num 26:15
,Zerah,EA4D,Gen 36:13
,Zerathan,e4e5,
,Zered,e3bd,Deut 2:13
,Zeresh,e4a8,Esth 5:10
,zero,E28B,
,Zerubbabel,EA69,Ezra 2:2
,Zeruiah,e4dd,
,Zeus,EB2D,Acts 14:12
,Ziba,e53c,
,Zibeon,ef60,Gen 36:20
,Zichri,e2cd,Exodus 6:21
,Ziklag,e52d,
,Zillah,eef5,Gen 4:19
,Zilpah,efa6,Gen 29:24
,Zimran,e1df,Gen 25:2
,Zimri,e40e,Num 25:14
,Zin,e1f2,Num 13:21
,Ziphron,e40f,Num 34:9
,Zippor,e2fd,Num 22:2
,Zipporah,e2ce,Exod 2:21
,Zoan,e1f3,Num 13:22
,Zoar,eef6,Gen 13:10
,Zohar,efa7,Gen 23:8
,Zoheleth,e4de,
,Zophim,e3be,Num 23:14
,Zuar,e1f4,Num 1:8
,Zuph,e4f3,
,Zur,e410,Num 25:15
,Zuriel,e1f5,Num 3:35
,Zurishaddai,e1f6,Num 1:6
,Zuzites,eef7,Gen 14:5
